rank,player_name,nation,position,squad,competition,age,birth_year,nineties_played,goals_against,penalty_kicks_allowed,free_kick_goals_against,corner_kick_goals_against,own_goals_against,post_shot_expected_goals,post_shot_expected_goals_per_shot,post_shot_expected_goals_plus_minus,post_shot_expected_goals_plus_minus_per_90,launches,launch_pct,avg_launch_distance,goal_kicks,crosses_faced,crosses_stopped,cross_stop_pct,defensive_actions_outside_penalty_area,defensive_actions_outside_penalty_area_per_90,avg_distance_defensive_actions,opponent_penalty_area_entries_stopped,keeper_stops,keeper_stop_pct,keeper_opa,keeper_opa_per_90,keeper_avg_distance,season,table_type,processed_at
1,Julen Agirrezabala,ESP,GK,Valencia,La Liga,0.0,2000,8.0,14,0,0,2,0,10.8,0.29,-3.2,-0.4,30,102,29.4,224,37,32.1,31.8,0,0,0,115,10,8.7,14,1.75,15.8,2025-2026,stats_keeper_adv,2025-10-18 04:36:53.392720
2,Alisson,BRA,GK,Liverpool,Premier League,0.0,1992,6.0,7,0,0,1,0,6.5,0.4,-0.5,-0.09,22,60,36.7,239,27,23.0,29.5,0,0,0,76,3,3.9,8,1.33,14.4,2025-2026,stats_keeper_adv,2025-10-18 04:36:53.392720
3,Alphonse Areola,FRA,GK,West Ham,Premier League,0.0,1993,3.0,5,1,0,2,0,3.9,0.24,-1.1,-0.35,11,48,22.9,82,15,41.5,35.4,0,0,0,49,2,4.1,0,0.0,5.2,2025-2026,stats_keeper_adv,2025-10-18 04:36:53.392720
4,Noah Atubolu,GER,GK,Freiburg,Bundesliga,0.0,2002,6.0,9,0,0,2,0,9.1,0.32,0.1,0.02,55,130,42.3,233,20,46.4,38.5,0,0,0,84,5,6.0,8,1.33,14.7,2025-2026,stats_keeper_adv,2025-10-18 04:36:53.392720
5,Emil Audero,IDN,GK,Cremonese,Serie A,0.0,1997,4.0,3,1,0,0,0,5.0,0.18,2.0,0.49,18,72,25.0,151,26,39.1,35.6,0,0,0,66,8,12.1,0,0.0,9.9,2025-2026,stats_keeper_adv,2025-10-18 04:36:53.392720
6,Mio Backhaus,GER,GK,Werder Bremen,Bundesliga,0.0,2004,4.0,10,2,0,0,1,7.4,0.36,-1.6,-0.4,7,19,36.8,134,23,11.2,26.1,0,0,0,66,8,12.1,5,1.25,11.9,2025-2026,stats_keeper_adv,2025-10-18 04:36:53.392720
7,Augusto Batalla,ARG,GK,Rayo Vallecano,La Liga,0.0,1996,8.0,10,2,0,1,0,11.2,0.31,1.2,0.14,51,138,37.0,267,32,43.8,39.9,0,0,0,94,10,10.6,23,2.88,18.3,2025-2026,stats_keeper_adv,2025-10-18 04:36:53.392720
8,Oliver Baumann,GER,GK,Hoffenheim,Bundesliga,0.0,1990,6.0,12,2,0,3,0,10.4,0.33,-1.6,-0.27,25,76,32.9,171,14,38.0,34.6,0,0,0,88,3,3.4,19,3.17,19.2,2025-2026,stats_keeper_adv,2025-10-18 04:36:53.392720
9,Altay Bayındır,TUR,GK,Manchester Utd,Premier League,0.0,1998,6.0,11,0,0,2,0,9.4,0.43,-1.6,-0.26,28,95,29.5,176,15,47.7,37.5,0,0,0,63,6,9.5,7,1.17,13.0,2025-2026,stats_keeper_adv,2025-10-18 04:36:53.392720
10,Marco Bizot,NED,GK,Aston Villa,Premier League,0.0,1991,2.0,3,1,0,0,0,3.1,0.33,0.1,0.05,7,27,25.9,53,8,30.2,32.2,0,0,0,28,4,14.3,10,5.0,18.4,2025-2026,stats_keeper_adv,2025-10-18 04:36:53.392720
11,Arnaud Bodart,BEL,GK,Lille,Ligue 1,0.0,1998,1.0,1,0,0,0,0,1.6,0.79,0.6,0.57,8,14,57.1,28,2,42.9,34.8,0,0,0,9,0,0.0,1,1.0,13.5,2025-2026,stats_keeper_adv,2025-10-18 04:36:53.392720
12,Jean Butez,FRA,GK,Como,Serie A,0.0,1995,6.0,5,0,0,1,0,4.3,0.33,-0.7,-0.12,39,71,54.9,221,21,27.1,29.6,0,0,0,72,8,11.1,11,1.83,16.0,2025-2026,stats_keeper_adv,2025-10-18 04:36:53.392720
13,Elia Caprile,ITA,GK,Cagliari,Serie A,0.0,2001,6.0,6,0,0,2,0,8.0,0.31,2.0,0.33,38,99,38.4,165,31,45.5,37.5,0,0,0,103,17,16.5,7,1.17,12.3,2025-2026,stats_keeper_adv,2025-10-18 04:36:53.392720
14,Marco Carnesecchi,ITA,GK,Atalanta,Serie A,0.0,2000,6.0,5,0,0,1,1,6.8,0.23,2.8,0.46,36,89,40.4,201,30,31.3,32.2,0,0,0,88,4,4.5,7,1.17,14.1,2025-2026,stats_keeper_adv,2025-10-18 04:36:53.392720
15,Lucas Chevalier,FRA,GK,Paris S-G,Ligue 1,0.0,2001,7.0,5,0,0,1,1,3.9,0.2,-0.1,-0.02,9,22,40.9,157,24,7.6,23.5,0,0,0,57,2,3.5,5,0.71,14.7,2025-2026,stats_keeper_adv,2025-10-18 04:36:53.392720
16,Grégoire Coudert,FRA,GK,Brest,Ligue 1,0.0,1999,2.4,6,1,0,1,0,6.2,0.4,0.2,0.1,20,51,39.2,66,12,54.5,42.1,0,0,0,42,2,4.8,1,0.42,11.0,2025-2026,stats_keeper_adv,2025-10-18 04:36:53.392720
17,Thibaut Courtois,BEL,GK,Real Madrid,La Liga,0.0,1992,8.0,9,2,1,1,0,6.2,0.22,-2.8,-0.35,24,78,30.8,204,34,27.9,33.4,0,0,0,96,5,5.2,12,1.5,15.8,2025-2026,stats_keeper_adv,2025-10-18 04:36:53.392720
18,Pablo Cuñat,ESP,GK,Levante,La Liga,0.0,2002,2.0,5,0,0,3,1,4.7,0.34,0.7,0.37,11,37,29.7,45,14,48.9,41.7,0,0,0,46,2,4.3,1,0.5,8.1,2025-2026,stats_keeper_adv,2025-10-18 04:36:53.392720
19,Finn Dahmen,GER,GK,Augsburg,Bundesliga,0.0,1998,6.0,13,1,1,0,0,14.1,0.36,1.1,0.18,35,96,36.5,214,20,32.7,33.6,0,0,0,74,5,6.8,13,2.17,15.1,2025-2026,stats_keeper_adv,2025-10-18 04:36:53.392720
20,Karl Darlow,WAL,GK,Leeds United,Premier League,0.0,1990,4.0,6,0,1,0,1,3.9,0.23,-1.1,-0.27,28,91,30.8,153,24,45.8,38.9,0,0,0,76,4,5.3,3,0.75,10.7,2025-2026,stats_keeper_adv,2025-10-18 04:36:53.392720
21,Jeffrey De Lange,NED,GK,Marseille,Ligue 1,0.0,1998,1.0,0,0,0,0,0,0.0,0.02,0.0,0.02,0,0,0.0,7,0,0.0,17.9,0,0,0,3,0,0.0,1,1.0,22.0,2025-2026,stats_keeper_adv,2025-10-18 04:36:53.392720
22,Théo De Percin,MTQ,GK,Auxerre,Ligue 1,0.0,2001,2.5,4,0,0,0,0,3.0,0.28,-1.0,-0.42,16,52,30.8,73,6,56.2,42.4,0,0,0,41,3,7.3,5,1.99,16.6,2025-2026,stats_keeper_adv,2025-10-18 04:36:53.392720
23,Rémy Descamps,FRA,GK,Lyon,Ligue 1,0.0,1996,4.0,3,0,0,1,1,4.8,0.4,2.8,0.71,5,27,18.5,112,15,19.6,28.4,0,0,0,59,2,3.4,3,0.75,12.9,2025-2026,stats_keeper_adv,2025-10-18 04:36:53.392720
24,Michele Di Gregorio,ITA,GK,Juventus,Serie A,0.0,1997,6.0,5,1,0,1,0,4.9,0.24,-0.1,-0.02,22,55,40.0,170,25,25.3,30.8,0,0,0,89,7,7.9,2,0.33,9.6,2025-2026,stats_keeper_adv,2025-10-18 04:36:53.392720
25,Mory Diaw,SEN,GK,Le Havre,Ligue 1,0.0,1993,7.0,10,2,0,2,1,8.1,0.29,-0.9,-0.13,32,85,37.6,234,37,26.5,29.6,0,0,0,106,13,12.3,10,1.43,13.5,2025-2026,stats_keeper_adv,2025-10-18 04:36:53.392720
26,Yehvann Diouf,SEN,GK,Nice,Ligue 1,0.0,1999,7.0,12,3,0,0,0,11.8,0.27,-0.2,-0.03,15,57,26.3,184,34,21.7,27.0,0,0,0,92,9,9.8,8,1.14,14.7,2025-2026,stats_keeper_adv,2025-10-18 04:36:53.392720
27,Matías Dituro,ARG,GK,Elche,La Liga,0.0,1987,5.0,5,0,0,0,0,4.1,0.25,-0.9,-0.19,40,98,40.8,286,18,30.1,30.8,0,0,0,66,8,12.1,13,2.6,15.5,2025-2026,stats_keeper_adv,2025-10-18 04:36:53.392720
28,Marko Dmitrović,SRB,GK,Espanyol,La Liga,0.0,1992,8.0,11,1,1,1,0,10.8,0.27,-0.2,-0.03,39,125,31.2,211,36,47.4,38.8,0,0,0,117,6,5.1,7,0.88,13.5,2025-2026,stats_keeper_adv,2025-10-18 04:36:53.392720
29,Gianluigi Donnarumma,ITA,GK,Manchester City,Premier League,0.0,1999,4.0,2,0,0,0,0,2.2,0.28,0.2,0.06,15,43,34.9,98,12,31.6,30.3,0,0,0,53,4,7.5,1,0.25,8.3,2025-2026,stats_keeper_adv,2025-10-18 04:36:53.392720
30,Martin Dúbravka,SVK,GK,Burnley,Premier League,0.0,1989,7.0,15,2,0,1,3,12.8,0.28,0.8,0.12,39,157,24.8,167,33,47.9,36.8,0,0,0,144,7,4.9,1,0.14,8.1,2025-2026,stats_keeper_adv,2025-10-18 04:36:53.392720
31,Aarón Escandell,ESP,GK,Oviedo,La Liga,0.0,1995,8.0,14,0,0,5,0,15.6,0.3,1.6,0.2,49,120,40.8,233,27,41.2,35.3,0,0,0,117,3,2.6,18,2.25,17.4,2025-2026,stats_keeper_adv,2025-10-18 04:36:53.392720
32,Wladimiro Falcone,ITA,GK,Lecce,Serie A,0.0,1995,6.0,10,2,0,1,0,10.1,0.29,0.1,0.01,39,127,30.7,161,16,66.5,45.3,0,0,0,88,3,3.4,7,1.17,13.0,2025-2026,stats_keeper_adv,2025-10-18 04:36:53.392720
33,Jonathan Fischer,DEN,GK,Metz,Ligue 1,0.0,2001,7.0,16,2,0,0,1,16.3,0.37,1.3,0.18,21,51,41.2,266,29,16.2,26.0,0,0,0,96,3,3.1,10,1.43,14.0,2025-2026,stats_keeper_adv,2025-10-18 04:36:53.392720
34,Mark Flekken,NED,GK,Leverkusen,Bundesliga,0.0,1993,6.0,8,1,0,4,0,7.2,0.23,-0.8,-0.14,20,72,27.8,189,23,25.4,30.7,0,0,0,86,3,3.5,10,1.67,15.1,2025-2026,stats_keeper_adv,2025-10-18 04:36:53.392720
35,Joan García,ESP,GK,Barcelona,La Liga,0.0,2001,6.0,4,1,0,1,0,6.0,0.3,2.0,0.33,6,12,50.0,167,47,6.6,24.5,0,0,0,53,3,5.7,28,4.67,21.9,2025-2026,stats_keeper_adv,2025-10-18 04:36:53.392720
36,Paulo Gazzaniga,ARG,GK,Girona,La Liga,0.0,1992,6.5,11,1,1,0,0,13.2,0.35,2.2,0.34,16,90,17.8,198,33,34.8,35.0,0,0,0,104,2,1.9,7,1.08,15.9,2025-2026,stats_keeper_adv,2025-10-18 04:36:53.392720
37,David de Gea,ESP,GK,Fiorentina,Serie A,0.0,1990,6.0,8,1,0,2,0,7.7,0.26,-0.3,-0.05,28,71,39.4,180,22,35.6,33.0,0,0,0,70,2,2.9,4,0.67,12.8,2025-2026,stats_keeper_adv,2025-10-18 04:36:53.392720
38,Kamil Grabara,POL,GK,Wolfsburg,Bundesliga,0.0,1999,6.0,10,1,1,1,0,10.1,0.33,0.1,0.01,17,63,27.0,206,37,24.8,30.7,0,0,0,120,5,4.2,6,1.0,12.4,2025-2026,stats_keeper_adv,2025-10-18 04:36:53.392720
39,Dominik Greif,SVK,GK,Lyon,Ligue 1,0.0,1997,3.0,2,0,0,1,1,1.9,0.25,0.9,0.3,12,30,40.0,120,10,21.7,26.2,0,0,0,38,3,7.9,4,1.33,15.1,2025-2026,stats_keeper_adv,2025-10-18 04:36:53.392720
40,Péter Gulácsi,HUN,GK,RB Leipzig,Bundesliga,0.0,1990,6.0,8,0,0,1,0,6.9,0.31,-1.1,-0.19,20,64,31.3,208,22,22.1,29.4,0,0,0,88,5,5.7,8,1.33,14.1,2025-2026,stats_keeper_adv,2025-10-18 04:36:53.392720
41,Dean Henderson,ENG,GK,Crystal Palace,Premier League,0.0,1997,7.0,5,1,0,1,0,7.5,0.33,2.5,0.36,37,129,28.7,200,27,46.5,38.4,0,0,0,125,7,5.6,3,0.43,10.7,2025-2026,stats_keeper_adv,2025-10-18 04:36:53.392720
42,Mads Hermansen,DEN,GK,West Ham,Premier League,0.0,2000,4.0,11,0,0,6,0,9.3,0.46,-1.7,-0.43,19,72,26.4,141,19,41.1,33.9,0,0,0,72,5,6.9,1,0.25,8.8,2025-2026,stats_keeper_adv,2025-10-18 04:36:53.392720
43,Sergio Herrera,ESP,GK,Osasuna,La Liga,0.0,1993,8.0,8,1,0,0,0,10.2,0.28,2.2,0.27,50,116,43.1,186,39,38.7,34.8,0,0,0,129,7,5.4,17,2.13,17.7,2025-2026,stats_keeper_adv,2025-10-18 04:36:53.392720
44,Daniel Heuer Fernandes,POR,GK,Hamburger SV,Bundesliga,0.0,1992,6.0,8,1,0,2,0,8.6,0.21,0.6,0.09,32,94,34.0,247,18,31.6,30.7,0,0,0,96,3,3.1,4,0.67,12.0,2025-2026,stats_keeper_adv,2025-10-18 04:36:53.392720
45,Lukáš Hrádecký,FIN,GK,Monaco,Ligue 1,0.0,1989,2.9,4,1,0,0,0,3.1,0.28,-0.9,-0.3,10,34,29.4,92,7,30.4,30.6,0,0,0,42,2,4.8,4,1.4,18.9,2025-2026,stats_keeper_adv,2025-10-18 04:36:53.392720
46,Franco Israel,URU,GK,Torino,Serie A,0.0,2000,6.0,13,2,0,2,0,9.0,0.27,-4.0,-0.66,39,102,38.2,198,22,44.4,38.2,0,0,0,68,2,2.9,5,0.83,14.4,2025-2026,stats_keeper_adv,2025-10-18 04:36:53.392720
47,Karl Jakob Hein,EST,GK,Werder Bremen,Bundesliga,0.0,2002,2.0,4,1,0,1,0,4.7,0.26,0.7,0.36,15,36,41.7,111,11,24.3,29.7,0,0,0,28,2,7.1,6,3.0,17.6,2025-2026,stats_keeper_adv,2025-10-18 04:36:53.392720
48,Karl-Johan Johnsson,SWE,GK,Strasbourg,Ligue 1,0.0,1990,1.0,0,0,0,0,0,0.3,0.14,0.3,0.28,3,10,30.0,32,2,28.1,29.6,0,0,0,13,1,7.7,3,3.0,18.9,2025-2026,stats_keeper_adv,2025-10-18 04:36:53.392720
49,Sam Johnstone,ENG,GK,Wolves,Premier League,0.0,1993,3.0,3,0,0,1,0,4.6,0.35,1.6,0.53,27,86,31.4,115,19,58.3,41.4,0,0,0,77,4,5.2,4,1.33,13.3,2025-2026,stats_keeper_adv,2025-10-18 04:36:53.392720
50,Luiz Lúcio Reis Júnior,BRA,GK,Villarreal,La Liga,0.0,2001,6.0,4,1,0,0,0,5.6,0.23,1.6,0.27,4,28,14.3,110,24,23.6,27.9,0,0,0,56,2,3.6,7,1.17,13.3,2025-2026,stats_keeper_adv,2025-10-18 04:36:53.392720
51,Filip Jørgensen,DEN,GK,Chelsea,Premier League,0.0,2002,0.9,2,0,0,1,0,1.8,0.59,-0.2,-0.23,3,10,30.0,31,1,22.6,26.0,0,0,0,20,0,0.0,1,1.08,16.3,2025-2026,stats_keeper_adv,2025-10-18 04:36:53.392720
52,Bingourou Kamara,SEN,GK,Lorient,Ligue 1,0.0,1996,3.0,8,0,0,0,0,5.1,0.34,-2.9,-0.96,12,22,54.5,65,7,29.2,30.0,0,0,0,26,2,7.7,5,1.67,15.3,2025-2026,stats_keeper_adv,2025-10-18 04:36:53.392720
53,Caoimhín Kelleher,IRL,GK,Brentford,Premier League,0.0,1998,7.0,12,1,0,1,1,9.0,0.29,-2.0,-0.28,46,119,38.7,223,38,39.9,34.0,0,0,0,91,6,6.6,5,0.71,11.9,2025-2026,stats_keeper_adv,2025-10-18 04:36:53.392720
54,Gregor Kobel,SUI,GK,Dortmund,Bundesliga,0.0,1997,6.0,4,1,0,0,0,4.2,0.23,0.2,0.03,17,56,30.4,168,23,29.2,31.0,0,0,0,82,1,1.2,4,0.67,14.8,2025-2026,stats_keeper_adv,2025-10-18 04:36:53.392720
55,Hervé Koffi,BFA,GK,Angers,Ligue 1,0.0,1996,7.0,11,1,0,3,0,15.7,0.34,4.7,0.68,27,78,34.6,174,39,37.9,35.1,0,0,0,112,13,11.6,3,0.43,8.6,2025-2026,stats_keeper_adv,2025-10-18 04:36:53.392720
56,Philipp Köhn,SUI,GK,Monaco,Ligue 1,0.0,1998,4.1,8,2,0,0,1,5.5,0.25,-1.5,-0.37,9,18,50.0,81,22,19.8,26.3,0,0,0,46,3,6.5,6,1.45,17.3,2025-2026,stats_keeper_adv,2025-10-18 04:36:53.392720
57,Vladyslav Krapyvtsov,UKR,GK,Girona,La Liga,0.0,2005,1.5,6,1,0,1,0,3.4,0.29,-2.6,-1.72,6,20,30.0,36,8,33.3,30.4,0,0,0,22,0,0.0,0,0.0,14.0,2025-2026,stats_keeper_adv,2025-10-18 04:36:53.392720
58,Senne Lammens,BEL,GK,Manchester Utd,Premier League,0.0,2002,1.0,0,0,0,0,0,0.9,0.31,0.9,0.94,10,37,27.0,39,2,76.9,50.7,0,0,0,13,2,15.4,3,3.0,16.8,2025-2026,stats_keeper_adv,2025-10-18 04:36:53.392720
59,Nicola Leali,ITA,GK,Genoa,Serie A,0.0,1993,6.0,9,1,0,1,0,8.1,0.32,-0.9,-0.14,25,89,28.1,155,14,46.5,37.4,0,0,0,71,1,1.4,8,1.33,17.9,2025-2026,stats_keeper_adv,2025-10-18 04:36:53.392720
60,Bernd Leno,GER,GK,Fulham,Premier League,0.0,1992,7.0,11,2,0,1,1,9.0,0.28,-1.0,-0.14,21,79,26.6,240,36,24.6,29.5,0,0,0,83,6,7.2,6,0.86,13.1,2025-2026,stats_keeper_adv,2025-10-18 04:36:53.392720
61,Donovan Léon,GUF,GK,Auxerre,Ligue 1,0.0,1992,4.5,6,0,0,3,1,6.3,0.3,1.3,0.28,27,98,27.6,135,10,60.7,44.1,0,0,0,38,1,2.6,9,2.0,20.2,2025-2026,stats_keeper_adv,2025-10-18 04:36:53.392720
62,Anthony Lopes,POR,GK,Nantes,Ligue 1,0.0,1990,7.0,7,2,0,1,0,7.7,0.17,0.7,0.09,35,84,41.7,279,33,27.6,30.8,0,0,0,126,6,4.8,9,1.29,12.2,2025-2026,stats_keeper_adv,2025-10-18 04:36:53.392720
63,Pau López,ESP,GK,Betis,La Liga,0.0,1994,5.0,3,0,0,1,0,5.0,0.24,2.0,0.4,22,67,32.8,129,14,31.8,34.2,0,0,0,87,3,3.4,4,0.8,16.8,2025-2026,stats_keeper_adv,2025-10-18 04:36:53.392720
64,Mike Maignan,FRA,GK,Milan,Serie A,0.0,1995,4.6,3,1,0,1,0,5.2,0.32,2.2,0.48,14,46,30.4,159,22,23.9,31.9,0,0,0,76,8,10.5,0,0.0,7.1,2025-2026,stats_keeper_adv,2025-10-18 04:36:53.392720
65,Radosław Majecki,POL,GK,Brest,Ligue 1,0.0,1999,4.6,5,0,0,1,0,4.5,0.34,-0.5,-0.11,38,90,42.2,128,20,49.2,40.3,0,0,0,70,7,10.0,1,0.22,8.8,2025-2026,stats_keeper_adv,2025-10-18 04:36:53.392720
66,Giorgi Mamardashvili,GEO,GK,Liverpool,Premier League,0.0,2000,1.0,2,0,0,0,0,1.6,0.28,-0.4,-0.35,6,15,40.0,46,10,28.3,28.8,0,0,0,16,2,12.5,2,2.0,13.7,2025-2026,stats_keeper_adv,2025-10-18 04:36:53.392720
67,Emiliano Martínez,ARG,GK,Aston Villa,Premier League,0.0,1992,5.0,4,0,0,2,0,3.3,0.28,-0.7,-0.14,21,52,40.4,180,19,23.9,29.3,0,0,0,65,4,6.2,6,1.2,14.4,2025-2026,stats_keeper_adv,2025-10-18 04:36:53.392720
68,Josep Martinez,ESP,GK,Inter,Serie A,0.0,1998,2.0,1,0,0,0,0,1.4,0.28,0.4,0.21,6,21,28.6,61,7,24.6,27.4,0,0,0,21,0,0.0,4,2.0,19.0,2025-2026,stats_keeper_adv,2025-10-18 04:36:53.392720
69,Alex Meret,ITA,GK,Napoli,Serie A,0.0,1997,4.0,4,1,0,0,0,3.9,0.25,-0.1,-0.03,5,14,35.7,85,12,15.3,25.7,0,0,0,19,1,5.3,6,1.5,19.4,2025-2026,stats_keeper_adv,2025-10-18 04:36:53.392720
70,Vanja Milinković-Savić,SRB,GK,Napoli,Serie A,0.0,1997,2.0,2,0,0,1,0,0.8,0.2,-1.2,-0.61,10,34,29.4,63,7,41.3,37.8,0,0,0,31,4,12.9,0,0.0,9.0,2025-2026,stats_keeper_adv,2025-10-18 04:36:53.392720
71,Lorenzo Montipò,ITA,GK,Hellas Verona,Serie A,0.0,1996,6.0,9,0,0,1,0,8.8,0.33,-0.2,-0.03,34,106,32.1,136,24,50.7,40.4,0,0,0,74,3,4.1,3,0.5,13.2,2025-2026,stats_keeper_adv,2025-10-18 04:36:53.392720
72,Arijanet Muric,KVX,GK,Sassuolo,Serie A,0.0,1998,5.0,6,1,0,1,1,8.1,0.27,3.1,0.62,37,85,43.5,161,27,41.6,35.5,0,0,0,71,8,11.3,1,0.2,11.9,2025-2026,stats_keeper_adv,2025-10-18 04:36:53.392720
73,Yvon Mvogo,SUI,GK,Lorient,Ligue 1,0.0,1994,4.0,8,2,0,3,0,5.7,0.33,-2.3,-0.56,17,47,36.2,136,15,28.7,31.5,0,0,0,68,7,10.3,4,1.0,13.3,2025-2026,stats_keeper_adv,2025-10-18 04:36:53.392720
74,Manuel Neuer,GER,GK,Bayern Munich,Bundesliga,0.0,1986,6.0,3,0,1,0,0,3.0,0.23,0.0,0.0,29,61,47.5,231,27,23.4,29.9,0,0,0,60,1,1.7,20,3.33,23.0,2025-2026,stats_keeper_adv,2025-10-18 04:36:53.392720
75,Moritz Nicolas,GER,GK,Gladbach,Bundesliga,0.0,1997,6.0,12,1,0,3,0,9.1,0.29,-2.9,-0.49,17,42,40.5,165,26,20.6,26.2,0,0,0,65,5,7.7,9,1.5,15.4,2025-2026,stats_keeper_adv,2025-10-18 04:36:53.392720
76,Obed Nkambadio,FRA,GK,Paris FC,Ligue 1,0.0,2003,6.0,11,2,0,1,0,8.9,0.27,-2.1,-0.35,16,60,26.7,205,24,22.9,29.1,0,0,0,73,0,0.0,5,0.83,14.0,2025-2026,stats_keeper_adv,2025-10-18 04:36:53.392720
77,Alexander Nübel,GER,GK,Stuttgart,Bundesliga,0.0,1996,6.0,6,1,0,0,0,6.6,0.26,0.6,0.09,31,68,45.6,206,30,26.7,30.5,0,0,0,102,9,8.8,8,1.33,14.3,2025-2026,stats_keeper_adv,2025-10-18 04:36:53.392720
78,Ørjan Nyland,NOR,GK,Sevilla,La Liga,0.0,1990,4.0,7,1,1,1,0,6.3,0.34,-0.7,-0.17,14,48,29.2,114,13,31.6,35.4,0,0,0,52,0,0.0,5,1.25,17.6,2025-2026,stats_keeper_adv,2025-10-18 04:36:53.392720
79,Jan Oblak,SVN,GK,Atlético Madrid,La Liga,0.0,1993,8.0,10,1,0,0,0,7.2,0.3,-2.8,-0.35,42,96,43.8,199,27,30.2,32.3,0,0,0,100,5,5.0,6,0.75,11.6,2025-2026,stats_keeper_adv,2025-10-18 04:36:53.392720
80,Berke Özer,TUR,GK,Lille,Ligue 1,0.0,2000,6.0,9,0,1,1,0,11.4,0.47,2.4,0.4,26,68,38.2,189,15,30.2,31.1,0,0,0,65,2,3.1,7,1.17,15.9,2025-2026,stats_keeper_adv,2025-10-18 04:36:53.392720
81,Iñaki Peña,ESP,GK,Elche,La Liga,0.0,1999,3.0,4,1,0,0,0,3.4,0.22,-0.6,-0.19,16,53,30.2,165,12,28.5,29.2,0,0,0,56,2,3.6,5,1.67,14.1,2025-2026,stats_keeper_adv,2025-10-18 04:36:53.392720
82,Mike Penders,BEL,GK,Strasbourg,Ligue 1,0.0,2005,6.0,7,0,0,0,0,6.0,0.3,-1.0,-0.17,16,45,35.6,249,19,14.9,24.5,0,0,0,85,9,10.6,5,0.83,11.4,2025-2026,stats_keeper_adv,2025-10-18 04:36:53.392720
83,Lucas Perri,BRA,GK,Leeds United,Premier League,0.0,1997,3.0,5,1,0,2,0,3.0,0.3,-2.0,-0.66,17,71,23.9,91,12,57.1,42.8,0,0,0,35,2,5.7,0,0.0,9.2,2025-2026,stats_keeper_adv,2025-10-18 04:36:53.392720
84,Đorđe Petrović,SRB,GK,Bournemouth,Premier League,0.0,1999,7.0,8,0,0,2,0,8.2,0.3,0.2,0.03,30,90,33.3,157,32,36.3,34.5,0,0,0,88,8,9.1,13,1.86,14.7,2025-2026,stats_keeper_adv,2025-10-18 04:36:53.392720
85,Jordan Pickford,ENG,GK,Everton,Premier League,0.0,1994,7.0,7,1,0,0,0,7.6,0.25,0.6,0.09,66,169,39.1,263,23,52.9,41.2,0,0,0,84,4,4.8,18,2.57,18.4,2025-2026,stats_keeper_adv,2025-10-18 04:36:53.392720
86,Nick Pope,ENG,GK,Newcastle Utd,Premier League,0.0,1992,7.0,5,0,0,2,0,6.1,0.26,1.1,0.16,15,79,19.0,160,51,33.8,33.9,0,0,0,84,16,19.0,23,3.29,17.8,2025-2026,stats_keeper_adv,2025-10-18 04:36:53.392720
87,Ivan Provedel,ITA,GK,Lazio,Serie A,0.0,1994,6.0,7,0,1,2,0,10.5,0.35,3.5,0.58,20,74,27.0,164,21,36.0,35.2,0,0,0,73,6,8.2,3,0.5,11.0,2025-2026,stats_keeper_adv,2025-10-18 04:36:53.392720
88,Ionuț Radu,ROU,GK,Celta Vigo,La Liga,0.0,1997,8.0,10,0,0,1,1,9.2,0.26,0.2,0.03,19,55,34.5,168,45,23.8,29.2,0,0,0,84,3,3.6,7,0.88,13.6,2025-2026,stats_keeper_adv,2025-10-18 04:36:53.392720
89,Diant Ramaj,GER,GK,Heidenheim,Bundesliga,0.0,2001,6.0,11,1,0,0,0,12.8,0.36,1.8,0.31,48,143,33.6,288,27,38.9,38.8,0,0,0,90,10,11.1,8,1.33,11.8,2025-2026,stats_keeper_adv,2025-10-18 04:36:53.392720
90,David Raya,ESP,GK,Arsenal,Premier League,0.0,1995,7.0,3,0,1,1,0,3.2,0.18,0.2,0.03,37,102,36.3,238,34,36.1,33.9,0,0,0,54,6,11.1,11,1.57,18.7,2025-2026,stats_keeper_adv,2025-10-18 04:36:53.392720
91,Álex Remiro,ESP,GK,Real Sociedad,La Liga,0.0,1995,8.0,12,1,0,1,1,10.8,0.31,-0.2,-0.02,48,95,50.5,225,27,32.4,31.8,0,0,0,88,2,2.3,18,2.25,19.4,2025-2026,stats_keeper_adv,2025-10-18 04:36:53.392720
92,Guillaume Restes,FRA,GK,Toulouse,Ligue 1,0.0,2005,7.0,12,3,0,2,0,10.1,0.34,-1.9,-0.27,37,89,41.6,154,17,44.8,36.9,0,0,0,95,8,8.4,5,0.71,12.1,2025-2026,stats_keeper_adv,2025-10-18 04:36:53.392720
93,Lasse Rieß,GER,GK,Mainz 05,Bundesliga,0.0,2001,1.2,4,0,0,0,0,2.8,0.28,-1.2,-1.0,4,12,33.3,33,3,33.3,33.8,0,0,0,5,0,0.0,2,1.61,19.7,2025-2026,stats_keeper_adv,2025-10-18 04:36:53.392720
94,Robin Risser,FRA,GK,Lens,Ligue 1,0.0,2004,7.0,6,0,0,2,0,7.3,0.32,1.3,0.18,30,81,37.0,189,21,30.7,33.5,0,0,0,94,5,5.3,3,0.43,12.7,2025-2026,stats_keeper_adv,2025-10-18 04:36:53.392720
95,Robin Roefs,NED,GK,Sunderland,Premier League,0.0,2003,7.0,6,0,0,1,0,8.3,0.28,2.3,0.33,34,119,28.6,235,23,36.6,35.4,0,0,0,115,11,9.6,11,1.57,13.2,2025-2026,stats_keeper_adv,2025-10-18 04:36:53.392720
96,Leo Román,ESP,GK,Mallorca,La Liga,0.0,2000,8.0,13,2,0,2,0,14.1,0.32,1.1,0.14,49,137,35.8,219,22,47.5,39.0,0,0,0,116,7,6.0,5,0.63,11.2,2025-2026,stats_keeper_adv,2025-10-18 04:36:53.392720
97,Gerónimo Rulli,ARG,GK,Marseille,Ligue 1,0.0,1992,6.0,5,0,0,0,0,6.2,0.3,1.2,0.2,27,65,41.5,187,19,29.4,31.6,0,0,0,70,13,18.6,16,2.67,16.6,2025-2026,stats_keeper_adv,2025-10-18 04:36:53.392720
98,Mathew Ryan,AUS,GK,Levante,La Liga,0.0,1992,6.0,9,1,0,1,0,9.7,0.28,0.7,0.12,32,85,37.6,147,24,38.8,37.4,0,0,0,97,3,3.1,8,1.33,12.7,2025-2026,stats_keeper_adv,2025-10-18 04:36:53.392720
99,Frederik Rønnow,DEN,GK,Union Berlin,Bundesliga,0.0,1992,6.0,13,3,0,1,0,14.0,0.3,1.0,0.16,37,123,30.1,156,19,54.5,40.4,0,0,0,93,10,10.8,3,0.5,10.2,2025-2026,stats_keeper_adv,2025-10-18 04:36:53.392720
100,José Sá,POR,GK,Wolves,Premier League,0.0,1993,4.0,11,0,1,1,0,7.1,0.44,-3.9,-0.99,23,60,38.3,108,14,41.7,37.0,0,0,0,46,4,8.7,4,1.0,14.2,2025-2026,stats_keeper_adv,2025-10-18 04:36:53.392720
101,Brice Samba,FRA,GK,Rennes,Ligue 1,0.0,1994,7.0,10,1,0,1,0,11.9,0.36,1.9,0.27,29,94,30.9,289,33,28.0,32.0,0,0,0,112,7,6.3,5,0.71,15.8,2025-2026,stats_keeper_adv,2025-10-18 04:36:53.392720
102,Robert Sánchez,ESP,GK,Chelsea,Premier League,0.0,1997,6.0,7,0,0,1,0,5.8,0.31,-1.2,-0.2,19,92,20.7,220,30,35.0,35.2,0,0,0,69,10,14.5,5,0.83,11.8,2025-2026,stats_keeper_adv,2025-10-18 04:36:53.392720
103,Kauã Santos,BRA,GK,Eint Frankfurt,Bundesliga,0.0,2003,3.0,11,0,0,2,0,8.4,0.54,-2.6,-0.85,5,43,11.6,107,14,34.6,32.5,0,0,0,22,3,13.6,4,1.33,15.4,2025-2026,stats_keeper_adv,2025-10-18 04:36:53.392720
104,Razvan Sava,ROU,GK,Udinese,Serie A,0.0,2002,6.0,9,0,0,1,0,6.9,0.33,-2.1,-0.35,14,47,29.8,141,20,24.8,29.4,0,0,0,71,1,1.4,6,1.0,18.2,2025-2026,stats_keeper_adv,2025-10-18 04:36:53.392720
105,Marvin Schwäbe,GER,GK,Köln,Bundesliga,0.0,1995,6.0,9,1,2,2,0,9.9,0.37,0.9,0.15,50,144,34.7,225,15,42.7,37.2,0,0,0,122,2,1.6,6,1.0,15.6,2025-2026,stats_keeper_adv,2025-10-18 04:36:53.392720
106,Matz Sels,BEL,GK,Nott'ham Forest,Premier League,0.0,1992,7.0,12,3,0,1,0,13.7,0.31,1.7,0.25,20,71,28.2,150,26,41.3,35.3,0,0,0,105,4,3.8,5,0.71,13.5,2025-2026,stats_keeper_adv,2025-10-18 04:36:53.392720
107,Adrian Šemper,CRO,GK,Pisa,Serie A,0.0,1998,6.0,10,0,1,0,0,8.8,0.3,-1.2,-0.21,48,111,43.2,168,22,55.4,41.8,0,0,0,83,8,9.6,0,0.0,6.4,2025-2026,stats_keeper_adv,2025-10-18 04:36:53.392720
108,Marco Silvestri,ITA,GK,Cremonese,Serie A,0.0,1991,2.0,5,0,0,1,0,5.1,0.34,0.1,0.05,10,34,29.4,56,13,35.7,33.0,0,0,0,34,1,2.9,1,0.5,11.5,2025-2026,stats_keeper_adv,2025-10-18 04:36:53.392720
109,Unai Simón,ESP,GK,Athletic Club,La Liga,0.0,1997,8.0,9,0,0,1,1,8.6,0.33,0.6,0.07,24,99,24.2,208,36,34.6,33.4,0,0,0,81,6,7.4,18,2.25,19.8,2025-2026,stats_keeper_adv,2025-10-18 04:36:53.392720
110,Antonio Sivera,ESP,GK,Alavés,La Liga,0.0,1996,8.0,8,0,0,0,0,8.5,0.34,0.5,0.06,63,139,45.3,144,17,61.8,44.7,0,0,0,106,4,3.8,3,0.38,9.3,2025-2026,stats_keeper_adv,2025-10-18 04:36:53.392720
111,Łukasz Skorupski,POL,GK,Bologna,Serie A,0.0,1991,6.0,5,0,0,1,0,4.8,0.28,-0.2,-0.04,31,77,40.3,270,33,24.8,31.0,0,0,0,57,4,7.0,4,0.67,11.4,2025-2026,stats_keeper_adv,2025-10-18 04:36:53.392720
112,Yann Sommer,SUI,GK,Inter,Serie A,0.0,1988,4.0,7,1,0,1,0,4.4,0.27,-2.6,-0.65,8,18,44.4,104,14,14.4,25.7,0,0,0,37,1,2.7,3,0.75,18.6,2025-2026,stats_keeper_adv,2025-10-18 04:36:53.392720
113,David Soria,ESP,GK,Getafe,La Liga,0.0,1993,8.0,11,0,0,3,1,8.0,0.29,-2.0,-0.25,62,187,33.2,163,9,81.0,50.6,0,0,0,95,4,4.2,7,0.88,15.0,2025-2026,stats_keeper_adv,2025-10-18 04:36:53.392720
114,Zion Suzuki,JPN,GK,Parma,Serie A,0.0,2002,6.0,7,0,0,2,0,5.9,0.25,-1.1,-0.18,39,116,33.6,186,22,45.2,40.1,0,0,0,78,6,7.7,11,1.83,17.0,2025-2026,stats_keeper_adv,2025-10-18 04:36:53.392720
115,Mile Svilar,SRB,GK,Roma,Serie A,0.0,1999,6.0,2,0,0,0,0,3.7,0.22,1.7,0.29,29,86,33.7,199,31,29.1,33.1,0,0,0,66,3,4.5,4,0.67,14.0,2025-2026,stats_keeper_adv,2025-10-18 04:36:53.392720
116,Wojciech Szczęsny,POL,GK,Barcelona,La Liga,0.0,1990,2.0,5,1,0,0,0,4.2,0.46,-0.8,-0.42,2,12,16.7,64,7,18.8,25.3,0,0,0,18,0,0.0,5,2.5,25.4,2025-2026,stats_keeper_adv,2025-10-18 04:36:53.392720
117,Arnau Tenas,ESP,GK,Villarreal,La Liga,0.0,2001,2.0,4,1,0,0,0,3.1,0.26,-0.9,-0.47,6,32,18.8,38,2,42.1,39.0,0,0,0,29,1,3.4,1,0.5,11.0,2025-2026,stats_keeper_adv,2025-10-18 04:36:53.392720
118,Pietro Terracciano,ITA,GK,Milan,Serie A,0.0,1990,1.4,0,0,0,0,0,0.2,0.05,0.2,0.13,7,9,77.8,30,5,20.0,30.6,0,0,0,19,1,5.3,0,0.0,8.3,2025-2026,stats_keeper_adv,2025-10-18 04:36:53.392720
119,James Trafford,ENG,GK,Manchester City,Premier League,0.0,2002,3.0,4,1,0,0,0,5.9,0.34,1.9,0.62,10,36,27.8,103,11,27.2,29.6,0,0,0,26,2,7.7,14,4.67,18.1,2025-2026,stats_keeper_adv,2025-10-18 04:36:53.392720
120,Kevin Trapp,GER,GK,Paris FC,Ligue 1,0.0,1990,1.0,2,0,0,1,0,1.5,0.75,-0.5,-0.5,1,8,12.5,28,4,28.6,32.3,0,0,0,13,1,7.7,3,3.0,22.0,2025-2026,stats_keeper_adv,2025-10-18 04:36:53.392720
121,Stefano Turati,ITA,GK,Sassuolo,Serie A,0.0,2001,1.0,2,0,1,0,0,1.2,0.31,-0.8,-0.76,0,16,0.0,23,4,56.5,40.7,0,0,0,9,1,11.1,1,1.0,10.0,2025-2026,stats_keeper_adv,2025-10-18 04:36:53.392720
122,Álvaro Vallés,ESP,GK,Betis,La Liga,0.0,1997,3.0,5,0,0,2,1,2.6,0.2,-1.4,-0.46,6,22,27.3,89,13,21.3,29.3,0,0,0,36,1,2.8,5,1.67,13.4,2025-2026,stats_keeper_adv,2025-10-18 04:36:53.392720
123,Nikola Vasilj,BIH,GK,St. Pauli,Bundesliga,0.0,1995,6.0,9,0,0,0,0,10.3,0.28,1.3,0.21,15,58,25.9,239,26,23.8,28.6,0,0,0,39,4,10.3,7,1.17,14.6,2025-2026,stats_keeper_adv,2025-10-18 04:36:53.392720
124,Bart Verbruggen,NED,GK,Brighton,Premier League,0.0,2002,7.0,10,1,0,1,2,8.7,0.36,0.7,0.1,18,86,20.9,253,33,28.9,31.8,0,0,0,85,3,3.5,7,1.0,15.2,2025-2026,stats_keeper_adv,2025-10-18 04:36:53.392720
125,Guglielmo Vicario,ITA,GK,Tottenham,Premier League,0.0,1996,7.0,5,0,0,1,0,7.2,0.27,2.2,0.31,24,74,32.4,265,35,22.6,28.7,0,0,0,78,3,3.8,13,1.86,16.7,2025-2026,stats_keeper_adv,2025-10-18 04:36:53.392720
126,Odysseas Vlachodimos,GRE,GK,Sevilla,La Liga,0.0,1994,4.0,4,1,0,0,0,6.8,0.25,2.8,0.69,26,59,44.1,116,21,37.9,35.5,0,0,0,57,2,3.5,2,0.5,10.8,2025-2026,stats_keeper_adv,2025-10-18 04:36:53.392720
127,Robin Zentner,GER,GK,Mainz 05,Bundesliga,0.0,1994,4.7,6,0,0,1,0,4.5,0.28,-1.5,-0.32,27,95,28.4,140,14,51.4,42.0,0,0,0,61,7,11.5,9,1.9,15.0,2025-2026,stats_keeper_adv,2025-10-18 04:36:53.392720
128,Michael Zetterer,GER,GK,Eint Frankfurt,Bundesliga,0.0,1995,3.0,5,1,2,0,0,4.5,0.22,-0.5,-0.17,12,30,40.0,101,17,23.8,31.7,0,0,0,34,1,2.9,5,1.67,15.4,2025-2026,stats_keeper_adv,2025-10-18 04:36:53.392720
