Rk,Player,Nation,Pos,Squad,Comp,Age,Born,90s,GA,PKA,FK,CK,OG,PSxG,PSxG/SoT,PSxG+/-,/90,Cmp,Att,Cmp%,Att (GK),Thr,Launch%,AvgLen,Opp,Stp,Stp%,#OPA,#OPA/90,AvgDist,Matches
1,Julen Agirrezabala,es ESP,GK,Valencia,es La Liga,24-293,2000,8.0,14,0,0,2,0,10.8,0.29,-3.2,-0.40,30,102,29.4,224,37,32.1,31.8,115,10,8.7,14,1.75,15.8,Matches
2,Alisson,br BRA,GK,Liverpool,eng Premier League,33-013,1992,6.0,7,0,0,1,0,6.5,0.40,-0.5,-0.09,22,60,36.7,239,27,23.0,29.5,76,3,3.9,8,1.33,14.4,Matches
3,Alphonse Areola,fr FRA,GK,West Ham,eng Premier League,32-230,1993,3.0,5,1,0,2,0,3.9,0.24,-1.1,-0.35,11,48,22.9,82,15,41.5,35.4,49,2,4.1,0,0.00,5.2,Matches
4,Noah Atubolu,de GER,GK,Freiburg,de Bundesliga,23-143,2002,6.0,9,0,0,2,0,9.1,0.32,+0.1,+0.02,55,130,42.3,233,20,46.4,38.5,84,5,6.0,8,1.33,14.7,Matches
5,Emil Audero,id IDN,GK,Cremonese,it Serie A,28-270,1997,4.0,3,1,0,0,0,5.0,0.18,+2.0,+0.49,18,72,25.0,151,26,39.1,35.6,66,8,12.1,0,0.00,9.9,Matches
6,Mio Backhaus,de GER,GK,Werder Bremen,de Bundesliga,21-182,2004,4.0,10,2,0,0,1,7.4,0.36,-1.6,-0.40,7,19,36.8,134,23,11.2,26.1,66,8,12.1,5,1.25,11.9,Matches
7,Augusto Batalla,ar ARG,GK,Rayo Vallecano,es La Liga,29-168,1996,8.0,10,2,0,1,0,11.2,0.31,+1.2,+0.14,51,138,37.0,267,32,43.8,39.9,94,10,10.6,23,2.88,18.3,Matches
8,Oliver Baumann,de GER,GK,Hoffenheim,de Bundesliga,35-135,1990,6.0,12,2,0,3,0,10.4,0.33,-1.6,-0.27,25,76,32.9,171,14,38.0,34.6,88,3,3.4,19,3.17,19.2,Matches
9,Altay Bayındır,tr TUR,GK,Manchester Utd,eng Premier League,27-184,1998,6.0,11,0,0,2,0,9.4,0.43,-1.6,-0.26,28,95,29.5,176,15,47.7,37.5,63,6,9.5,7,1.17,13.0,Matches
10,Marco Bizot,nl NED,GK,Aston Villa,eng Premier League,34-219,1991,2.0,3,1,0,0,0,3.1,0.33,+0.1,+0.05,7,27,25.9,53,8,30.2,32.2,28,4,14.3,10,5.00,18.4,Matches
11,Arnaud Bodart,be BEL,GK,Lille,fr Ligue 1,27-218,1998,1.0,1,0,0,0,0,1.6,0.79,+0.6,+0.57,8,14,57.1,28,2,42.9,34.8,9,0,0.0,1,1.00,13.5,Matches
12,Jean Butez,fr FRA,GK,Como,it Serie A,30-129,1995,6.0,5,0,0,1,0,4.3,0.33,-0.7,-0.12,39,71,54.9,221,21,27.1,29.6,72,8,11.1,11,1.83,16.0,Matches
13,Elia Caprile,it ITA,GK,Cagliari,it Serie A,24-051,2001,6.0,6,0,0,2,0,8.0,0.31,+2.0,+0.33,38,99,38.4,165,31,45.5,37.5,103,17,16.5,7,1.17,12.3,Matches
14,Marco Carnesecchi,it ITA,GK,Atalanta,it Serie A,25-106,2000,6.0,5,0,0,1,1,6.8,0.23,+2.8,+0.46,36,89,40.4,201,30,31.3,32.2,88,4,4.5,7,1.17,14.1,Matches
15,Lucas Chevalier,fr FRA,GK,Paris S-G,fr Ligue 1,23-343,2001,7.0,5,0,0,1,1,3.9,0.20,-0.1,-0.02,9,22,40.9,157,24,7.6,23.5,57,2,3.5,5,0.71,14.7,Matches
16,Grégoire Coudert,fr FRA,GK,Brest,fr Ligue 1,26-195,1999,2.4,6,1,0,1,0,6.2,0.40,+0.2,+0.10,20,51,39.2,66,12,54.5,42.1,42,2,4.8,1,0.42,11.0,Matches
17,Thibaut Courtois,be BEL,GK,Real Madrid,es La Liga,33-157,1992,8.0,9,2,1,1,0,6.2,0.22,-2.8,-0.35,24,78,30.8,204,34,27.9,33.4,96,5,5.2,12,1.50,15.8,Matches
18,Pablo Cuñat,es ESP,GK,Levante,es La Liga,23-170,2002,2.0,5,0,0,3,1,4.7,0.34,+0.7,+0.37,11,37,29.7,45,14,48.9,41.7,46,2,4.3,1,0.50,8.1,Matches
19,Finn Dahmen,de GER,GK,Augsburg,de Bundesliga,27-202,1998,6.0,13,1,1,0,0,14.1,0.36,+1.1,+0.18,35,96,36.5,214,20,32.7,33.6,74,5,6.8,13,2.17,15.1,Matches
20,Karl Darlow,wls WAL,GK,Leeds United,eng Premier League,35-007,1990,4.0,6,0,1,0,1,3.9,0.23,-1.1,-0.27,28,91,30.8,153,24,45.8,38.9,76,4,5.3,3,0.75,10.7,Matches
21,Jeffrey De Lange,nl NED,GK,Marseille,fr Ligue 1,27-197,1998,1.0,0,0,0,0,0,0.0,0.02,0.0,+0.02,0,0,,7,0,0.0,17.9,3,0,0.0,1,1.00,22.0,Matches
22,Théo De Percin,mq MTQ,GK,Auxerre,fr Ligue 1,24-255,2001,2.5,4,0,0,0,0,3.0,0.28,-1.0,-0.42,16,52,30.8,73,6,56.2,42.4,41,3,7.3,5,1.99,16.6,Matches
23,Rémy Descamps,fr FRA,GK,Lyon,fr Ligue 1,29-112,1996,4.0,3,0,0,1,1,4.8,0.40,+2.8,+0.71,5,27,18.5,112,15,19.6,28.4,59,2,3.4,3,0.75,12.9,Matches
24,Michele Di Gregorio,it ITA,GK,Juventus,it Serie A,28-080,1997,6.0,5,1,0,1,0,4.9,0.24,-0.1,-0.02,22,55,40.0,170,25,25.3,30.8,89,7,7.9,2,0.33,9.6,Matches
25,Mory Diaw,sn SEN,GK,Le Havre,fr Ligue 1,32-115,1993,7.0,10,2,0,2,1,8.1,0.29,-0.9,-0.13,32,85,37.6,234,37,26.5,29.6,106,13,12.3,10,1.43,13.5,Matches
26,Yehvann Diouf,sn SEN,GK,Nice,fr Ligue 1,25-333,1999,7.0,12,3,0,0,0,11.8,0.27,-0.2,-0.03,15,57,26.3,184,34,21.7,27.0,92,9,9.8,8,1.14,14.7,Matches
27,Matías Dituro,ar ARG,GK,Elche,es La Liga,38-160,1987,5.0,5,0,0,0,0,4.1,0.25,-0.9,-0.19,40,98,40.8,286,18,30.1,30.8,66,8,12.1,13,2.60,15.5,Matches
28,Marko Dmitrović,rs SRB,GK,Espanyol,es La Liga,33-264,1992,8.0,11,1,1,1,0,10.8,0.27,-0.2,-0.03,39,125,31.2,211,36,47.4,38.8,117,6,5.1,7,0.88,13.5,Matches
29,Gianluigi Donnarumma,it ITA,GK,Manchester City,eng Premier League,26-232,1999,4.0,2,0,0,0,0,2.2,0.28,+0.2,+0.06,15,43,34.9,98,12,31.6,30.3,53,4,7.5,1,0.25,8.3,Matches
30,Martin Dúbravka,sk SVK,GK,Burnley,eng Premier League,36-273,1989,7.0,15,2,0,1,3,12.8,0.28,+0.8,+0.12,39,157,24.8,167,33,47.9,36.8,144,7,4.9,1,0.14,8.1,Matches
31,Aarón Escandell,es ESP,GK,Oviedo,es La Liga,30-018,1995,8.0,14,0,0,5,0,15.6,0.30,+1.6,+0.20,49,120,40.8,233,27,41.2,35.3,117,3,2.6,18,2.25,17.4,Matches
32,Wladimiro Falcone,it ITA,GK,Lecce,it Serie A,30-186,1995,6.0,10,2,0,1,0,10.1,0.29,+0.1,+0.01,39,127,30.7,161,16,66.5,45.3,88,3,3.4,7,1.17,13.0,Matches
33,Jonathan Fischer,dk DEN,GK,Metz,fr Ligue 1,23-340,2001,7.0,16,2,0,0,1,16.3,0.37,+1.3,+0.18,21,51,41.2,266,29,16.2,26.0,96,3,3.1,10,1.43,14.0,Matches
34,Mark Flekken,nl NED,GK,Leverkusen,de Bundesliga,32-124,1993,6.0,8,1,0,4,0,7.2,0.23,-0.8,-0.14,20,72,27.8,189,23,25.4,30.7,86,3,3.5,10,1.67,15.1,Matches
35,Joan García,es ESP,GK,Barcelona,es La Liga,24-164,2001,6.0,4,1,0,1,0,6.0,0.30,+2.0,+0.33,6,12,50.0,167,47,6.6,24.5,53,3,5.7,28,4.67,21.9,Matches
36,Paulo Gazzaniga,ar ARG,GK,Girona,es La Liga,33-286,1992,6.5,11,1,1,0,0,13.2,0.35,+2.2,+0.34,16,90,17.8,198,33,34.8,35.0,104,2,1.9,7,1.08,15.9,Matches
37,David de Gea,es ESP,GK,Fiorentina,it Serie A,34-342,1990,6.0,8,1,0,2,0,7.7,0.26,-0.3,-0.05,28,71,39.4,180,22,35.6,33.0,70,2,2.9,4,0.67,12.8,Matches
38,Kamil Grabara,pl POL,GK,Wolfsburg,de Bundesliga,26-280,1999,6.0,10,1,1,1,0,10.1,0.33,+0.1,+0.01,17,63,27.0,206,37,24.8,30.7,120,5,4.2,6,1.00,12.4,Matches
39,Dominik Greif,sk SVK,GK,Lyon,fr Ligue 1,28-192,1997,3.0,2,0,0,1,1,1.9,0.25,+0.9,+0.30,12,30,40.0,120,10,21.7,26.2,38,3,7.9,4,1.33,15.1,Matches
40,Péter Gulácsi,hu HUN,GK,RB Leipzig,de Bundesliga,35-162,1990,6.0,8,0,0,1,0,6.9,0.31,-1.1,-0.19,20,64,31.3,208,22,22.1,29.4,88,5,5.7,8,1.33,14.1,Matches
41,Dean Henderson,eng ENG,GK,Crystal Palace,eng Premier League,28-217,1997,7.0,5,1,0,1,0,7.5,0.33,+2.5,+0.36,37,129,28.7,200,27,46.5,38.4,125,7,5.6,3,0.43,10.7,Matches
42,Mads Hermansen,dk DEN,GK,West Ham,eng Premier League,25-096,2000,4.0,11,0,0,6,0,9.3,0.46,-1.7,-0.43,19,72,26.4,141,19,41.1,33.9,72,5,6.9,1,0.25,8.8,Matches
43,Sergio Herrera,es ESP,GK,Osasuna,es La Liga,32-132,1993,8.0,8,1,0,0,0,10.2,0.28,+2.2,+0.27,50,116,43.1,186,39,38.7,34.8,129,7,5.4,17,2.13,17.7,Matches
44,Daniel Heuer Fernandes,pt POR,GK,Hamburger SV,de Bundesliga,32-336,1992,6.0,8,1,0,2,0,8.6,0.21,+0.6,+0.09,32,94,34.0,247,18,31.6,30.7,96,3,3.1,4,0.67,12.0,Matches
45,Lukáš Hrádecký,fi FIN,GK,Monaco,fr Ligue 1,35-325,1989,2.9,4,1,0,0,0,3.1,0.28,-0.9,-0.30,10,34,29.4,92,7,30.4,30.6,42,2,4.8,4,1.40,18.9,Matches
46,Franco Israel,uy URU,GK,Torino,it Serie A,25-176,2000,6.0,13,2,0,2,0,9.0,0.27,-4.0,-0.66,39,102,38.2,198,22,44.4,38.2,68,2,2.9,5,0.83,14.4,Matches
47,Karl Jakob Hein,ee EST,GK,Werder Bremen,de Bundesliga,23-185,2002,2.0,4,1,0,1,0,4.7,0.26,+0.7,+0.36,15,36,41.7,111,11,24.3,29.7,28,2,7.1,6,3.00,17.6,Matches
48,Karl-Johan Johnsson,se SWE,GK,Strasbourg,fr Ligue 1,35-260,1990,1.0,0,0,0,0,0,0.3,0.14,+0.3,+0.28,3,10,30.0,32,2,28.1,29.6,13,1,7.7,3,3.00,18.9,Matches
49,Sam Johnstone,eng ENG,GK,Wolves,eng Premier League,32-204,1993,3.0,3,0,0,1,0,4.6,0.35,+1.6,+0.53,27,86,31.4,115,19,58.3,41.4,77,4,5.2,4,1.33,13.3,Matches
50,Luiz Lúcio Reis Júnior,br BRA,GK,Villarreal,es La Liga,24-274,2001,6.0,4,1,0,0,0,5.6,0.23,+1.6,+0.27,4,28,14.3,110,24,23.6,27.9,56,2,3.6,7,1.17,13.3,Matches
51,Filip Jørgensen,dk DEN,GK,Chelsea,eng Premier League,23-182,2002,0.9,2,0,0,1,0,1.8,0.59,-0.2,-0.23,3,10,30.0,31,1,22.6,26.0,20,0,0.0,1,1.08,16.3,Matches
52,Bingourou Kamara,sn SEN,GK,Lorient,fr Ligue 1,28-359,1996,3.0,8,0,0,0,0,5.1,0.34,-2.9,-0.96,12,22,54.5,65,7,29.2,30.0,26,2,7.7,5,1.67,15.3,Matches
53,Caoimhín Kelleher,ie IRL,GK,Brentford,eng Premier League,26-326,1998,7.0,12,1,0,1,1,9.0,0.29,-2.0,-0.28,46,119,38.7,223,38,39.9,34.0,91,6,6.6,5,0.71,11.9,Matches
54,Gregor Kobel,ch SUI,GK,Dortmund,de Bundesliga,27-313,1997,6.0,4,1,0,0,0,4.2,0.23,+0.2,+0.03,17,56,30.4,168,23,29.2,31.0,82,1,1.2,4,0.67,14.8,Matches
55,Hervé Koffi,bf BFA,GK,Angers,fr Ligue 1,28-364,1996,7.0,11,1,0,3,0,15.7,0.34,+4.7,+0.68,27,78,34.6,174,39,37.9,35.1,112,13,11.6,3,0.43,8.6,Matches
56,Philipp Köhn,ch SUI,GK,Monaco,fr Ligue 1,27-196,1998,4.1,8,2,0,0,1,5.5,0.25,-1.5,-0.37,9,18,50.0,81,22,19.8,26.3,46,3,6.5,6,1.45,17.3,Matches
57,Vladyslav Krapyvtsov,ua UKR,GK,Girona,es La Liga,20-112,2005,1.5,6,1,0,1,0,3.4,0.29,-2.6,-1.72,6,20,30.0,36,8,33.3,30.4,22,0,0.0,0,0.00,14.0,Matches
58,Senne Lammens,be BEL,GK,Manchester Utd,eng Premier League,23-100,2002,1.0,0,0,0,0,0,0.9,0.31,+0.9,+0.94,10,37,27.0,39,2,76.9,50.7,13,2,15.4,3,3.00,16.8,Matches
59,Nicola Leali,it ITA,GK,Genoa,it Serie A,32-240,1993,6.0,9,1,0,1,0,8.1,0.32,-0.9,-0.14,25,89,28.1,155,14,46.5,37.4,71,1,1.4,8,1.33,17.9,Matches
60,Bernd Leno,de GER,GK,Fulham,eng Premier League,33-225,1992,7.0,11,2,0,1,1,9.0,0.28,-1.0,-0.14,21,79,26.6,240,36,24.6,29.5,83,6,7.2,6,0.86,13.1,Matches
61,Donovan Léon,gf GUF,GK,Auxerre,fr Ligue 1,32-346,1992,4.5,6,0,0,3,1,6.3,0.30,+1.3,+0.28,27,98,27.6,135,10,60.7,44.1,38,1,2.6,9,2.00,20.2,Matches
62,Anthony Lopes,pt POR,GK,Nantes,fr Ligue 1,35-014,1990,7.0,7,2,0,1,0,7.7,0.17,+0.7,+0.09,35,84,41.7,279,33,27.6,30.8,126,6,4.8,9,1.29,12.2,Matches
63,Pau López,es ESP,GK,Betis,es La Liga,30-306,1994,5.0,3,0,0,1,0,5.0,0.24,+2.0,+0.40,22,67,32.8,129,14,31.8,34.2,87,3,3.4,4,0.80,16.8,Matches
64,Mike Maignan,fr FRA,GK,Milan,it Serie A,30-104,1995,4.6,3,1,0,1,0,5.2,0.32,+2.2,+0.48,14,46,30.4,159,22,23.9,31.9,76,8,10.5,0,0.00,7.1,Matches
65,Radosław Majecki,pl POL,GK,Brest,fr Ligue 1,25-333,1999,4.6,5,0,0,1,0,4.5,0.34,-0.5,-0.11,38,90,42.2,128,20,49.2,40.3,70,7,10.0,1,0.22,8.8,Matches
66,Giorgi Mamardashvili,ge GEO,GK,Liverpool,eng Premier League,25-016,2000,1.0,2,0,0,0,0,1.6,0.28,-0.4,-0.35,6,15,40.0,46,10,28.3,28.8,16,2,12.5,2,2.00,13.7,Matches
67,Emiliano Martínez,ar ARG,GK,Aston Villa,eng Premier League,33-043,1992,5.0,4,0,0,2,0,3.3,0.28,-0.7,-0.14,21,52,40.4,180,19,23.9,29.3,65,4,6.2,6,1.20,14.4,Matches
68,Josep Martinez,es ESP,GK,Inter,it Serie A,27-141,1998,2.0,1,0,0,0,0,1.4,0.28,+0.4,+0.21,6,21,28.6,61,7,24.6,27.4,21,0,0.0,4,2.00,19.0,Matches
69,Alex Meret,it ITA,GK,Napoli,it Serie A,28-207,1997,4.0,4,1,0,0,0,3.9,0.25,-0.1,-0.03,5,14,35.7,85,12,15.3,25.7,19,1,5.3,6,1.50,19.4,Matches
70,Vanja Milinković-Savić,rs SRB,GK,Napoli,it Serie A,28-237,1997,2.0,2,0,0,1,0,0.8,0.20,-1.2,-0.61,10,34,29.4,63,7,41.3,37.8,31,4,12.9,0,0.00,9.0,Matches
71,Lorenzo Montipò,it ITA,GK,Hellas Verona,it Serie A,29-237,1996,6.0,9,0,0,1,0,8.8,0.33,-0.2,-0.03,34,106,32.1,136,24,50.7,40.4,74,3,4.1,3,0.50,13.2,Matches
72,Arijanet Muric,xk KVX,GK,Sassuolo,it Serie A,26-342,1998,5.0,6,1,0,1,1,8.1,0.27,+3.1,+0.62,37,85,43.5,161,27,41.6,35.5,71,8,11.3,1,0.20,11.9,Matches
73,Yvon Mvogo,ch SUI,GK,Lorient,fr Ligue 1,31-131,1994,4.0,8,2,0,3,0,5.7,0.33,-2.3,-0.56,17,47,36.2,136,15,28.7,31.5,68,7,10.3,4,1.00,13.3,Matches
74,Manuel Neuer,de GER,GK,Bayern Munich,de Bundesliga,39-202,1986,6.0,3,0,1,0,0,3.0,0.23,0.0,0.00,29,61,47.5,231,27,23.4,29.9,60,1,1.7,20,3.33,23.0,Matches
75,Moritz Nicolas,de GER,GK,Gladbach,de Bundesliga,27-359,1997,6.0,12,1,0,3,0,9.1,0.29,-2.9,-0.49,17,42,40.5,165,26,20.6,26.2,65,5,7.7,9,1.50,15.4,Matches
76,Obed Nkambadio,fr FRA,GK,Paris FC,fr Ligue 1,22-250,2003,6.0,11,2,0,1,0,8.9,0.27,-2.1,-0.35,16,60,26.7,205,24,22.9,29.1,73,0,0.0,5,0.83,14.0,Matches
77,Alexander Nübel,de GER,GK,Stuttgart,de Bundesliga,29-015,1996,6.0,6,1,0,0,0,6.6,0.26,+0.6,+0.09,31,68,45.6,206,30,26.7,30.5,102,9,8.8,8,1.33,14.3,Matches
78,Ørjan Nyland,no NOR,GK,Sevilla,es La Liga,35-035,1990,4.0,7,1,1,1,0,6.3,0.34,-0.7,-0.17,14,48,29.2,114,13,31.6,35.4,52,0,0.0,5,1.25,17.6,Matches
79,Jan Oblak,si SVN,GK,Atlético Madrid,es La Liga,32-281,1993,8.0,10,1,0,0,0,7.2,0.30,-2.8,-0.35,42,96,43.8,199,27,30.2,32.3,100,5,5.0,6,0.75,11.6,Matches
80,Berke Özer,tr TUR,GK,Lille,fr Ligue 1,25-143,2000,6.0,9,0,1,1,0,11.4,0.47,+2.4,+0.40,26,68,38.2,189,15,30.2,31.1,65,2,3.1,7,1.17,15.9,Matches
81,Iñaki Peña,es ESP,GK,Elche,es La Liga,26-227,1999,3.0,4,1,0,0,0,3.4,0.22,-0.6,-0.19,16,53,30.2,165,12,28.5,29.2,56,2,3.6,5,1.67,14.1,Matches
82,Mike Penders,be BEL,GK,Strasbourg,fr Ligue 1,20-076,2005,6.0,7,0,0,0,0,6.0,0.30,-1.0,-0.17,16,45,35.6,249,19,14.9,24.5,85,9,10.6,5,0.83,11.4,Matches
83,Lucas Perri,br BRA,GK,Leeds United,eng Premier League,27-309,1997,3.0,5,1,0,2,0,3.0,0.30,-2.0,-0.66,17,71,23.9,91,12,57.1,42.8,35,2,5.7,0,0.00,9.2,Matches
84,Đorđe Petrović,rs SRB,GK,Bournemouth,eng Premier League,26-007,1999,7.0,8,0,0,2,0,8.2,0.30,+0.2,+0.03,30,90,33.3,157,32,36.3,34.5,88,8,9.1,13,1.86,14.7,Matches
85,Jordan Pickford,eng ENG,GK,Everton,eng Premier League,31-222,1994,7.0,7,1,0,0,0,7.6,0.25,+0.6,+0.09,66,169,39.1,263,23,52.9,41.2,84,4,4.8,18,2.57,18.4,Matches
86,Nick Pope,eng ENG,GK,Newcastle Utd,eng Premier League,33-179,1992,7.0,5,0,0,2,0,6.1,0.26,+1.1,+0.16,15,79,19.0,160,51,33.8,33.9,84,16,19.0,23,3.29,17.8,Matches
87,Ivan Provedel,it ITA,GK,Lazio,it Serie A,31-212,1994,6.0,7,0,1,2,0,10.5,0.35,+3.5,+0.58,20,74,27.0,164,21,36.0,35.2,73,6,8.2,3,0.50,11.0,Matches
88,Ionuț Radu,ro ROU,GK,Celta Vigo,es La Liga,28-140,1997,8.0,10,0,0,1,1,9.2,0.26,+0.2,+0.03,19,55,34.5,168,45,23.8,29.2,84,3,3.6,7,0.88,13.6,Matches
89,Diant Ramaj,de GER,GK,Heidenheim,de Bundesliga,24-026,2001,6.0,11,1,0,0,0,12.8,0.36,+1.8,+0.31,48,143,33.6,288,27,38.9,38.8,90,10,11.1,8,1.33,11.8,Matches
90,David Raya,es ESP,GK,Arsenal,eng Premier League,30-030,1995,7.0,3,0,1,1,0,3.2,0.18,+0.2,+0.03,37,102,36.3,238,34,36.1,33.9,54,6,11.1,11,1.57,18.7,Matches
91,Álex Remiro,es ESP,GK,Real Sociedad,es La Liga,30-205,1995,8.0,12,1,0,1,1,10.8,0.31,-0.2,-0.02,48,95,50.5,225,27,32.4,31.8,88,2,2.3,18,2.25,19.4,Matches
92,Guillaume Restes,fr FRA,GK,Toulouse,fr Ligue 1,20-218,2005,7.0,12,3,0,2,0,10.1,0.34,-1.9,-0.27,37,89,41.6,154,17,44.8,36.9,95,8,8.4,5,0.71,12.1,Matches
93,Lasse Rieß,de GER,GK,Mainz 05,de Bundesliga,24-080,2001,1.2,4,0,0,0,0,2.8,0.28,-1.2,-1.00,4,12,33.3,33,3,33.3,33.8,5,0,0.0,2,1.61,19.7,Matches
94,Robin Risser,fr FRA,GK,Lens,fr Ligue 1,20-317,2004,7.0,6,0,0,2,0,7.3,0.32,+1.3,+0.18,30,81,37.0,189,21,30.7,33.5,94,5,5.3,3,0.43,12.7,Matches
95,Robin Roefs,nl NED,GK,Sunderland,eng Premier League,22-271,2003,7.0,6,0,0,1,0,8.3,0.28,+2.3,+0.33,34,119,28.6,235,23,36.6,35.4,115,11,9.6,11,1.57,13.2,Matches
96,Leo Román,es ESP,GK,Mallorca,es La Liga,25-101,2000,8.0,13,2,0,2,0,14.1,0.32,+1.1,+0.14,49,137,35.8,219,22,47.5,39.0,116,7,6.0,5,0.63,11.2,Matches
97,Gerónimo Rulli,ar ARG,GK,Marseille,fr Ligue 1,33-148,1992,6.0,5,0,0,0,0,6.2,0.30,+1.2,+0.20,27,65,41.5,187,19,29.4,31.6,70,13,18.6,16,2.67,16.6,Matches
98,Mathew Ryan,au AUS,GK,Levante,es La Liga,33-190,1992,6.0,9,1,0,1,0,9.7,0.28,+0.7,+0.12,32,85,37.6,147,24,38.8,37.4,97,3,3.1,8,1.33,12.7,Matches
99,Frederik Rønnow,dk DEN,GK,Union Berlin,de Bundesliga,33-072,1992,6.0,13,3,0,1,0,14.0,0.30,+1.0,+0.16,37,123,30.1,156,19,54.5,40.4,93,10,10.8,3,0.50,10.2,Matches
100,José Sá,pt POR,GK,Wolves,eng Premier League,32-271,1993,4.0,11,0,1,1,0,7.1,0.44,-3.9,-0.99,23,60,38.3,108,14,41.7,37.0,46,4,8.7,4,1.00,14.2,Matches
101,Brice Samba,fr FRA,GK,Rennes,fr Ligue 1,31-173,1994,7.0,10,1,0,1,0,11.9,0.36,+1.9,+0.27,29,94,30.9,289,33,28.0,32.0,112,7,6.3,5,0.71,15.8,Matches
102,Robert Sánchez,es ESP,GK,Chelsea,eng Premier League,27-331,1997,6.0,7,0,0,1,0,5.8,0.31,-1.2,-0.20,19,92,20.7,220,30,35.0,35.2,69,10,14.5,5,0.83,11.8,Matches
103,Kauã Santos,br BRA,GK,Eint Frankfurt,de Bundesliga,22-187,2003,3.0,11,0,0,2,0,8.4,0.54,-2.6,-0.85,5,43,11.6,107,14,34.6,32.5,22,3,13.6,4,1.33,15.4,Matches
104,Razvan Sava,ro ROU,GK,Udinese,it Serie A,23-116,2002,6.0,9,0,0,1,0,6.9,0.33,-2.1,-0.35,14,47,29.8,141,20,24.8,29.4,71,1,1.4,6,1.00,18.2,Matches
105,Marvin Schwäbe,de GER,GK,Köln,de Bundesliga,30-173,1995,6.0,9,1,2,2,0,9.9,0.37,+0.9,+0.15,50,144,34.7,225,15,42.7,37.2,122,2,1.6,6,1.00,15.6,Matches
106,Matz Sels,be BEL,GK,Nott'ham Forest,eng Premier League,33-231,1992,7.0,12,3,0,1,0,13.7,0.31,+1.7,+0.25,20,71,28.2,150,26,41.3,35.3,105,4,3.8,5,0.71,13.5,Matches
107,Adrian Šemper,hr CRO,GK,Pisa,it Serie A,27-276,1998,6.0,10,0,1,0,0,8.8,0.30,-1.2,-0.21,48,111,43.2,168,22,55.4,41.8,83,8,9.6,0,0.00,6.4,Matches
108,Marco Silvestri,it ITA,GK,Cremonese,it Serie A,34-227,1991,2.0,5,0,0,1,0,5.1,0.34,+0.1,+0.05,10,34,29.4,56,13,35.7,33.0,34,1,2.9,1,0.50,11.5,Matches
109,Unai Simón,es ESP,GK,Athletic Club,es La Liga,28-126,1997,8.0,9,0,0,1,1,8.6,0.33,+0.6,+0.07,24,99,24.2,208,36,34.6,33.4,81,6,7.4,18,2.25,19.8,Matches
110,Antonio Sivera,es ESP,GK,Alavés,es La Liga,29-065,1996,8.0,8,0,0,0,0,8.5,0.34,+0.5,+0.06,63,139,45.3,144,17,61.8,44.7,106,4,3.8,3,0.38,9.3,Matches
111,Łukasz Skorupski,pl POL,GK,Bologna,it Serie A,34-163,1991,6.0,5,0,0,1,0,4.8,0.28,-0.2,-0.04,31,77,40.3,270,33,24.8,31.0,57,4,7.0,4,0.67,11.4,Matches
112,Yann Sommer,ch SUI,GK,Inter,it Serie A,36-302,1988,4.0,7,1,0,1,0,4.4,0.27,-2.6,-0.65,8,18,44.4,104,14,14.4,25.7,37,1,2.7,3,0.75,18.6,Matches
113,David Soria,es ESP,GK,Getafe,es La Liga,32-194,1993,8.0,11,0,0,3,1,8.0,0.29,-2.0,-0.25,62,187,33.2,163,9,81.0,50.6,95,4,4.2,7,0.88,15.0,Matches
114,Zion Suzuki,jp JPN,GK,Parma,it Serie A,23-055,2002,6.0,7,0,0,2,0,5.9,0.25,-1.1,-0.18,39,116,33.6,186,22,45.2,40.1,78,6,7.7,11,1.83,17.0,Matches
115,Mile Svilar,rs SRB,GK,Roma,it Serie A,26-049,1999,6.0,2,0,0,0,0,3.7,0.22,+1.7,+0.29,29,86,33.7,199,31,29.1,33.1,66,3,4.5,4,0.67,14.0,Matches
116,Wojciech Szczęsny,pl POL,GK,Barcelona,es La Liga,35-180,1990,2.0,5,1,0,0,0,4.2,0.46,-0.8,-0.42,2,12,16.7,64,7,18.8,25.3,18,0,0.0,5,2.50,25.4,Matches
117,Arnau Tenas,es ESP,GK,Villarreal,es La Liga,24-138,2001,2.0,4,1,0,0,0,3.1,0.26,-0.9,-0.47,6,32,18.8,38,2,42.1,39.0,29,1,3.4,1,0.50,11.0,Matches
118,Pietro Terracciano,it ITA,GK,Milan,it Serie A,35-221,1990,1.4,0,0,0,0,0,0.2,0.05,+0.2,+0.13,7,9,77.8,30,5,20.0,30.6,19,1,5.3,0,0.00,8.3,Matches
119,James Trafford,eng ENG,GK,Manchester City,eng Premier League,23-005,2002,3.0,4,1,0,0,0,5.9,0.34,+1.9,+0.62,10,36,27.8,103,11,27.2,29.6,26,2,7.7,14,4.67,18.1,Matches
120,Kevin Trapp,de GER,GK,Paris FC,fr Ligue 1,35-099,1990,1.0,2,0,0,1,0,1.5,0.75,-0.5,-0.50,1,8,12.5,28,4,28.6,32.3,13,1,7.7,3,3.00,22.0,Matches
121,Stefano Turati,it ITA,GK,Sassuolo,it Serie A,24-040,2001,1.0,2,0,1,0,0,1.2,0.31,-0.8,-0.76,0,16,0.0,23,4,56.5,40.7,9,1,11.1,1,1.00,10.0,Matches
122,Álvaro Vallés,es ESP,GK,Betis,es La Liga,28-082,1997,3.0,5,0,0,2,1,2.6,0.20,-1.4,-0.46,6,22,27.3,89,13,21.3,29.3,36,1,2.8,5,1.67,13.4,Matches
123,Nikola Vasilj,ba BIH,GK,St. Pauli,de Bundesliga,29-317,1995,6.0,9,0,0,0,0,10.3,0.28,+1.3,+0.21,15,58,25.9,239,26,23.8,28.6,39,4,10.3,7,1.17,14.6,Matches
124,Bart Verbruggen,nl NED,GK,Brighton,eng Premier League,23-058,2002,7.0,10,1,0,1,2,8.7,0.36,+0.7,+0.10,18,86,20.9,253,33,28.9,31.8,85,3,3.5,7,1.00,15.2,Matches
125,Guglielmo Vicario,it ITA,GK,Tottenham,eng Premier League,29-008,1996,7.0,5,0,0,1,0,7.2,0.27,+2.2,+0.31,24,74,32.4,265,35,22.6,28.7,78,3,3.8,13,1.86,16.7,Matches
126,Odysseas Vlachodimos,gr GRE,GK,Sevilla,es La Liga,31-172,1994,4.0,4,1,0,0,0,6.8,0.25,+2.8,+0.69,26,59,44.1,116,21,37.9,35.5,57,2,3.5,2,0.50,10.8,Matches
127,Robin Zentner,de GER,GK,Mainz 05,de Bundesliga,30-352,1994,4.7,6,0,0,1,0,4.5,0.28,-1.5,-0.32,27,95,28.4,140,14,51.4,42.0,61,7,11.5,9,1.90,15.0,Matches
128,Michael Zetterer,de GER,GK,Eint Frankfurt,de Bundesliga,30-095,1995,3.0,5,1,2,0,0,4.5,0.22,-0.5,-0.17,12,30,40.0,101,17,23.8,31.7,34,1,2.9,5,1.67,15.4,Matches
